,workflowType,workflowId,startTime,endTime,executionTime
0,iotse_prototype_search_para,7edfbfea-062a-42a9-8ddb-782a8cd1c7c2,2018-04-18T09:31:42Z,2018-04-18T09:31:49Z,6423
1,iotse_prototype_search_para,94cceaed-84cc-4f23-bb6c-00291fecab1d,2018-04-18T09:31:23Z,2018-04-18T09:31:31Z,8050
2,iotse_prototype_search_para,b7b94d79-5504-46f4-8edf-ccca0e3af047,2018-04-18T09:31:05Z,2018-04-18T09:31:11Z,6375
3,iotse_prototype_search_para,d47b3232-e015-47ed-8ffb-bd4125592ac8,2018-04-18T09:30:48Z,2018-04-18T09:30:57Z,9808
4,iotse_prototype_search_para,1a3b0ffe-82c9-48a9-bf64-93d4d7a31cd2,2018-04-18T09:30:30Z,2018-04-18T09:30:36Z,6224
5,iotse_prototype_search_para,90b05af4-8b3a-4d52-a115-bf1ad907e76e,2018-04-18T09:30:15Z,2018-04-18T09:30:20Z,5410
6,iotse_prototype_search_para,f1aea6c2-e794-42f1-bc63-ffce6d68d11f,2018-04-18T09:29:58Z,2018-04-18T09:30:03Z,5749
7,iotse_prototype_search_para,e9d5348f-66fd-47e9-a0ff-f923c73f1a38,2018-04-18T09:29:42Z,2018-04-18T09:29:51Z,9523
8,iotse_prototype_search_para,a5424dad-d2aa-467f-9d16-b515d57ec108,2018-04-18T09:29:24Z,2018-04-18T09:29:30Z,6353
9,iotse_prototype_search_para,2b3567e8-7b08-4eb1-998e-098118c61a0c,2018-04-18T09:29:07Z,2018-04-18T09:29:12Z,5111
10,iotse_prototype_search_para,35246e6a-9589-440f-8f24-8b83814b87d5,2018-04-18T09:28:52Z,2018-04-18T09:28:57Z,5262
11,iotse_prototype_search_para,8b1a5fe0-62cc-453d-b9d4-3733e78695c3,2018-04-18T09:28:36Z,2018-04-18T09:28:46Z,9662
12,iotse_prototype_search_para,f16b5054-b924-4568-98a2-f159daeb0d2b,2018-04-18T09:28:20Z,2018-04-18T09:28:26Z,6239
13,iotse_prototype_search_para,a8fdaded-c544-43e2-a07f-8d9eb2cadeb7,2018-04-18T09:28:03Z,2018-04-18T09:28:08Z,5022
14,iotse_prototype_search_para,e4eb1e5d-0685-4b1a-b2c1-8aa48fceebea,2018-04-18T09:27:47Z,2018-04-18T09:27:52Z,4613
15,iotse_prototype_search_para,4a3450bd-b6d4-46ef-9e2a-b190debec2a1,2018-04-18T09:27:32Z,2018-04-18T09:27:41Z,9147
16,iotse_prototype_search_para,51560f4f-020a-4006-a9ca-260f6041e29e,2018-04-18T09:27:16Z,2018-04-18T09:27:22Z,6395
17,iotse_prototype_search_para,ad273e38-cc93-4aca-a42d-cb9a902551b9,2018-04-18T09:27:00Z,2018-04-18T09:27:06Z,5468
18,iotse_prototype_search_para,a1948bf4-8619-4919-9f64-acca38756b85,2018-04-18T09:26:45Z,2018-04-18T09:26:54Z,8459
19,iotse_prototype_search_para,d59fa458-7a58-4f71-be40-0a30a4c3eb47,2018-04-18T09:26:30Z,2018-04-18T09:26:35Z,5164
20,iotse_prototype_search_para,b10cd9a6-eb52-4981-90a9-d161d90196a2,2018-04-18T09:26:14Z,2018-04-18T09:26:22Z,7673
21,iotse_prototype_search_para,7b6850a2-7e41-4aeb-b80f-5d379fc9a04e,2018-04-18T09:25:57Z,2018-04-18T09:26:03Z,5732
22,iotse_prototype_search_para,01157807-bf5d-4e00-9ed1-4679b4059884,2018-04-18T09:25:40Z,2018-04-18T09:25:49Z,8962
23,iotse_prototype_search_para,bb29852a-d74e-44e7-854c-a7719f238e1a,2018-04-18T09:25:23Z,2018-04-18T09:25:28Z,5760
24,iotse_prototype_search_para,a612b5fc-4177-4697-a3eb-8c4a66a039ae,2018-04-18T09:25:07Z,2018-04-18T09:25:14Z,6898
25,iotse_prototype_search_para,a69e3352-79e7-4773-9db9-c0648f1faed5,2018-04-18T09:24:50Z,2018-04-18T09:24:55Z,5019
26,iotse_prototype_search_para,48c7e780-0d7d-4c48-bf1a-3fcee9749b45,2018-04-18T09:24:32Z,2018-04-18T09:24:39Z,6383
27,iotse_prototype_search_para,b63d76da-8aa8-4400-a9cf-d96e209e7a2d,2018-04-18T09:24:17Z,2018-04-18T09:24:22Z,5564
28,iotse_prototype_search_para,a56d2711-86e9-41a7-8866-d544773f1c3d,2018-04-18T09:23:58Z,2018-04-18T09:24:05Z,6803
29,iotse_prototype_search_para,8d6efa69-a594-4f23-ad6b-0d625fa49850,2018-04-18T09:23:41Z,2018-04-18T09:23:47Z,6390
